year,roe,roa,nim,nonic,cost_asset,lending,cap_raising,log_altfin
2013,6.132325959431745,.7823350038822665,3.626272798240013,1.880710297547539,.0380399,3000683410.484544,464360028.7664492,20.235949
2014,6.478985222963237,.9862557137260038,4.301314803863582,2.023609204419168,.041326813,7809227717.353125,675143347.9818845,20.645115
2015,6.351873021670377,.9944664680488893,4.409434332291482,2.177279313283818,.042664275,24270397735.57282,1130394013.471466,21.180283
2016,6.358852286049253,.9900117102874941,4.472110763417381,2.183116936429748,.042543001,23903670418.07812,1312651918.782416,21.354694
2017,6.48457428571436,1.019516497317047,4.53092609646595,2.209411193048636,.042765852,29029906015.6127,1562070181.707386,21.647089
2018,7.191476615574679,1.077157841597491,4.604237623762372,2.211195346746082,.04325188,36631034426.48131,1836158303.709545,22.074883
2019,6.912644170096052,1.062322357968556,4.764648027406368,2.280325997475441,.04458461,30017730733.37093,1470983840.4801,22.07056
2020,5.615264787355406,.833879511533248,4.269937558196878,2.211242519856366,.040800001,40776394538.36557,1709188965.679194,22.220318
2021,5.875559661525312,.8945364025696019,4.055343020743327,2.189107679107659,.040358201,,,
