year,lending,cap_raising,altfin
2013,38222.70528275207,6565.12208670009,44792.71251195481
2014,109422.8987755514,10198.71541461432,119645.1473814317
2015,362162.8750102163,18593.85112759195,380756.7255114395
2016,380068.3596474381,22388.59112675284,402456.94064497
2017,491331.1593142442,27384.65235551224,519693.5333143924
2018,635401.923161755,32724.01328871118,670403.812024405
2019,529842.9651747379,26736.60228456492,556579.5767940698
2020,733771.2197179017,31467.87804711984,765239.1704260963
