year,lending,cap_raising,altfin
2013,9914.005109993996,1469.975473966937,11405.00551396814
2014,36794.02142847899,1711.084190070388,38606.7819666521
2015,132417.276930922,5499.926982423238,137917.2018609276
2016,278143.1606637058,6800.857175876193,284944.0132698272
2017,410320.3319350474,6485.597951504205,418016.9956352626
2018,296595.2120584616,6440.118399139306,303449.6323820408
2019,171206.6752331258,7653.537048053176,178860.2129147595
2020,105448.9979870143,13136.14736017251,118585.1526399702
